{
			"kx": 0.0082374969497323036,
			"kx_mult": 1,
			"ky": 0.022921368479728699,
			"ky_mult": 1,
			"kz": 0.015177753753960133,
			"kz_mult": 1,
			"b": 0.14391985535621643,
			"b_mult": 1,
			"c": 0.0010094401659443974,
			"c_mult": 1,
			"kPropeller": 0.016139637678861618,
			"kPropeller_mult": 1,
			"kConvMotor": 30.866266250610352,
			"kConvMotor_mult": 1,
			"liftK": 0.016634073108434677,
			"liftK_mult": 1,
			"stallAngle": 0.39104419946670532,
			"stallAngle_mult": 1,
			"vhLim": 20,
			"vhLim_mult": 1,
			"cleanAmp": 0.1804090142250061,
			"cleanAmp_mult": 1,
			"k_airT_pitch": 0.68985605239868164,
			"k_airT_roll": 0.81578093767166138,
			"ir": -0.52958554029464722,
			"k_wdrag_yaw": 3.2072021961212158,
			"ktor_roll": -13.333771705627441,
			"ktor_pitch": 13.87395191192627,
			"imotor": 0.83902406692504883,
			"kdrag_yaw": 0.47561222314834595,
			"idleMotor": 7.4999995231628418,
			"rollConvolution": [ 0.0082064233720302582, 0.30076307058334351, 0.72950035333633423, 0.00842302106320858, -0.021872116252779961, 0.057434145361185074, -0.049681153148412704, -0.061720941215753555, 0.0067146429792046547, 0.010797159746289253, 0.019062265753746033, 0.0040613333694636822, 0.01684589684009552, -0.030240487307310104, -0.017879050225019455, 0.0025215537752956152, -0.0092756170779466629, 0.023285061120986938, 0.0012297549983486533, -0.010579611174762249, 0.00054845487466081977, -0.013536438345909119, -0.0074755297973752022, 0.015174878761172295, -0.0094226272776722908, 0.0091741140931844711, -0.0037019159644842148, 0.0040489011444151402, 0.006387252826243639, -0.0046660304069519043, -0.0017588982591405511, -0.0031676832586526871, -0.00035914793261326849, 0.0053836014121770859, 0.0035374816507101059, -0.017097020521759987, 0.0015176269225776196, 0.0045586130581796169, 0.0022625681012868881, 0.013202857226133347, -0.0037180297076702118, -0.0035660981666296721, -0.0044337920844554901, 0.00082853273488581181, -0.0014951659832149744, 0.0089626768603920937, 0.0058209453709423542, -0.0057813096791505814, -0.0092192236334085464, 0.0081284679472446442, 0, 0, 0, 0, 0, 0, 0, 0, 0, 0, 0, 0, 0, 0, 0, 0, 0, 0, 0, 0, 0, 0, 0, 0, 0, 0, 0, 0, 0, 0, 0, 0, 0, 0, 0, 0, 0, 0, 0, 0, 0, 0, 0, 0, 0, 0, 0, 0, 0, 0 ],
			"rollConvolution_mult": 1,
			"rollPIdAutority": 1,
			"rollPIdResponsivity": 1,
			"pitchConvolution": [ 0.0016771253431215882, 0.21778157353401184, 0.67913246154785156, 0.164251908659935, -0.017566250637173653, 0.024052994325757027, -0.028719812631607056, -0.036474380642175674, -0.012476988136768341, -0.0061141517944633961, 0.0016377383144572377, 0.01525318156927824, 0.0059467577375471592, -0.0080214813351631165, -0.013993787579238415, 0.0065649724565446377, 0.0045249401591718197, -0.018261047080159187, 0.0056327888742089272, 0.0034979886841028929, 0.0016023817006498575, -0.0086841778829693794, -0.0021946171764284372, -0.0081084165722131729, -0.0068948827683925629, 0.016792522743344307, -0.011239830404520035, 0.0063037131913006306, 0.0013767102500423789, 0.00072531757177785039, -0.011460684239864349, -0.00056556175695732236, 0.013573578558862209, -0.0011693628039211035, -0.0066192485392093658, 0.00066042476100847125, 0.0039846948347985744, 0.0065493262372910976, -0.0016485644737258554, -0.0013613707851618528, -0.0011453321203589439, 0.0052813249640166759, -0.01278909295797348, 0.0030043460428714752, 0.0078626684844493866, -0.0019804392941296101, 0.0058599193580448627, -0.0093875424936413765, 0.0015249456046149135, 0.0052383057773113251, 0, 0, 0, 0, 0, 0, 0, 0, 0, 0, 0, 0, 0, 0, 0, 0, 0, 0, 0, 0, 0, 0, 0, 0, 0, 0, 0, 0, 0, 0, 0, 0, 0, 0, 0, 0, 0, 0, 0, 0, 0, 0, 0, 0, 0, 0, 0, 0, 0, 0 ],
			"pitchconvolution_mult": 1,
			"pitchPIdAutority": 1,
			"pitchPIdResponsivity": 1,
			"yawConvolution": [ 0.1001884937286377, 0.96977925300598145, -0.15557810664176941, -0.14842158555984497, 0.21666452288627625, 0.011834927834570408, 0.017557043582201004, 0.011714047752320766, -0.010988847352564335, -0.0028956599999219179, 0.0086766034364700317, -0.014556579291820526, 0.0043131890706717968, -0.0061189718544483185, 0.012971784919500351, -0.012534817680716515, -0.0046375319361686707, 0.00713000213727355, -0.00018139225721824914, -0.023923764005303383, 0.0048461849801242352, 0.010724764317274094, -0.0093295974656939507, 0.0029594139195978642, -0.0089219920337200165, -0.0033061932772397995, -0.0014402829110622406, -0.009341568686068058, 0.01470064464956522, -0.0040195528417825699, -0.0030431097839027643, -0.0066440226510167122, 0.017303122207522392, -0.0011675270507112145, 0.004312057513743639, -0.0050758076831698418, 0.00011468832963146269, -0.0012688718270510435, 0.0066009927541017532, -0.0020068406593054533, -0.016012854874134064, 0.012336994521319866, 0.0035078823566436768, -0.0078811971470713615, 0.0046536014415323734, -0.00012992088159080595, 0.0048723188228905201, -0.0081553319469094276, 0.00075543601997196674, 0.0033981429878622293, 0, 0, 0, 0, 0, 0, 0, 0, 0, 0, 0, 0, 0, 0, 0, 0, 0, 0, 0, 0, 0, 0, 0, 0, 0, 0, 0, 0, 0, 0, 0, 0, 0, 0, 0, 0, 0, 0, 0, 0, 0, 0, 0, 0, 0, 0, 0, 0, 0, 0 ],
			"yawConvolution_mult": 1,
			"yawPIdAutority": 1,
			"yawPIdResponsivity": 1,
			"dimensionX": 20,
			"dimensionY": 20,
			"dimensionZ": 4,
			"propSize": 5,
			"motorToMotorLength": 16,
			"motorToMotorWidth": 16,
			"glideFactor": 1,
			"guidString": "9767DFF3450AD5C4BFE8D0A5980D039C",
			"modelVersion": 2,
			"modelVersionGUId": "AAA7055342277E88E19D95B88A2B70ED",
			"modelUniqueId": 0,
			"modelName": "iFlight Nazgul5",
			"filename": "iFlight Nazgul5_model.json",
			"bIsFromModelPresets": false,
			"modelDescription": "iFlight Nazgul5 Tuned",
			"weight_mult": 1,
			"gravity": 9.8066501617431641
		}
